customer_code,q1_sales,q2_sales,market,sales_stage,leading_team,won_loss_reason,forecast_decision_date,sector_name
DFS,8093,"$140,000",US-Financials,3 - Validated,Brand Sales,NA,"Sep 28, 2017",Financial Services
EXC,472,"$100,000",EUR-Utilities,3 - Validated,Business Partner,NA,"Sep 2, 2017",Commercial
LB,3854,"$66,666",NA-Consumer Discretionary,3 - Validated,Marketing,NA,"Sep 22, 2017",Public
SPG,4724,"$31,167",LA-Real Estate,4 - Qualified,Brand Sales,NA,"Aug 31, 2017",Financial Services
CBG,11561,"$200,000",EUR-Real Estate,3 - Validated,Brand Sales,NA,"Sep 22, 2017",Financial Services
BDX,14451,"$250,000",US Health Care,3 - Validated,Brand Sales,NA,"Sep 30, 2017",Enterprise
PPL,6863,"$45,279",US-Utilities,4 - Qualified,Marketing,NA,"Sep 28, 2017",Enterprise
MPC,8222,"$54,246",EUR-Energy,4 - Qualified,Marketing,NA,"Sep 29, 2017",Enterprise
PDCO,2890,"$50,000",AS-Health Care,3 - Validated,Marketing,NA,"Aug 31, 2017",Commercial
GOOG,59109,"$390,000",EUR-Information Technology,4 - Qualified,Marketing,NA,"Sep 19, 2017",Enterprise
SO,57573,"$30,376",LA-Utilities,6 - Won,Business Partner,NA,"Sep 30, 2017",Enterprise
CCL,11561,"$200,000",US-Consumer Discretionary,3 - Validated,Marketing,NA,"Sep 29, 2017",Financial Services
MLM,2935,"$50,777",US-Materials,3 - Validated,Marketing,NA,"Aug 1, 2017",Enterprise
WYN,1156,"$20,000",EUR-Consumer Discretionary,3 - Validated,Digital Brand Sales,NA,"Sep 30, 2017",Computer Services
XEL,322,"$20,000",AS-Utilities,3 - Validated,TeleCoverage,NA,"Sep 29, 2017",Computer Services
TAP,2890,"$50,000",US-Consumer Staples,3 - Validated,Brand Sales,NA,"Sep 29, 2017",Communications
MOS,1561,"$27,000",US-Materials,3 - Validated,Marketing,NA,"Sep 22, 2017",Enterprise
MAC,3295,"$57,000",AS-Real Estate,3 - Validated,Marketing,NA,"Aug 25, 2017",Computer Services
BLL,14451,"$250,000",US-Materials,3 - Validated,Technical Support,NA,"Sep 21, 2017",Communications
XRX,1156,"$20,000",US Information Technology,3 - Validated,Marketing,NA,"Sep 29, 2017",Public
MTB,8661,"$57,142",JN-Financials,4 - Qualified,Brand Sales,NA,"Sep 29, 2017",Industrial
PFE,2753,"$47,619",JN-Health Care,3 - Validated,Marketing,NA,"Sep 29, 2017",Enterprise
K,4046,"$70,000",CG-Consumer Staples,3 - Validated,Technical Support,NA,"Sep 29, 2017",Enterprise
AON,24434,"$275,000",US-Financials,3 - Validated,Marketing,NA,"Sep 15, 2017",Enterprise
L,3468,"$60,000",NA-Financials,3 - Validated,Marketing,NA,"Aug 24, 2017",Enterprise
ESS,5780,"$100,001",NA-Real Estate,3 - Validated,Marketing,NA,"Sep 29, 2017",Enterprise
DIS,3821,"$25,212",LA-Consumer Discretionary,4 - Qualified,Marketing,NA,"Sep 29, 2017",Financial Services
DLPH,8671,"$150,000",EUR-Consumer Discretionary,3 - Validated,Marketing,NA,"Sep 15, 2017",Computer Services
BSX,12717,"$220,000",US Health Care,3 - Validated,Marketing,NA,"Sep 2, 2017",Enterprise
ULTA,3683,"$24,300",LA-Consumer Discretionary,4 - Qualified,Marketing,NA,"Sep 29, 2017",Financial Services
ZBH,1156,"$20,000",LA-Health Care,3 - Validated,TeleCoverage,NA,"Jul 10, 2017",Commercial
KORS,2890,"$50,000",EUR-Consumer Discretionary,3 - Validated,Marketing,NA,"Sep 25, 2017",Commercial
MET,2890,"$50,000",US-Financials,3 - Validated,Marketing,NA,"Sep 29, 2017",Enterprise
CMCSA,22886,"$151,000",EUR-Consumer Discretionary,4 - Qualified,Brand Sales,NA,"Sep 20, 2017",Financial Services
LOW,3468,"$60,000",US-Consumer Discretionary,3 - Validated,Marketing,NA,"Sep 22, 2017",Distribution
HBAN,13641,"$90,000",EUR-Financials,4 - Qualified,Marketing,NA,"Sep 30, 2017",Computer Services
F,64968,"$100,000",EUR-Consumer Discretionary,5 - Conditional Agreement,Marketing,NA,"Sep 29, 2017",Enterprise
GOOGL,23122,"$400,000",US Information Technology,3 - Validated,Brand Sales,NA,"Sep 29, 2017",Computer Services
PEG,2341,"$40,500",US-Utilities,3 - Validated,Marketing,NA,"Sep 22, 2017",Public
PXD,2705,"$46,800",LA-Energy,3 - Validated,Business Partner,NA,"Sep 29, 2017",Enterprise
ACN,1099056,"$800,000",US Information Technology,4 - Qualified,Marketing,NA,"Sep 28, 2017",Public
RTN,5478,"$36,145",EUR-Industrials,4 - Qualified,Business Partner,NA,"Sep 11, 2017",Enterprise
COH,23490,"$154,990",EUR-Consumer Discretionary,4 - Qualified,Technical Support,NA,"Sep 21, 2017",Commercial
FB,5780,"$100,000",US Information Technology,3 - Validated,Marketing,NA,"Sep 29, 2017",Enterprise
PG,2601,"$45,000",US-Consumer Staples,3 - Validated,Marketing,NA,"Sep 28, 2017",Computer Services
MRK,2890,"$50,000",EUR Health Care,3 - Validated,Marketing,NA,"Sep 21, 2017",Enterprise
SCG,5052,"$33,333",NA-Utilities,4 - Qualified,Marketing,NA,"Sep 29, 2017",Enterprise
SLG,1792,"$31,000",US-Real Estate,3 - Validated,Marketing,NA,"Sep 25, 2017",Enterprise
NOC,2890,"$50,000",EUR-Industrials,3 - Validated,Technical Support,NA,"Sep 10, 2017",Computer Services
MAT,2890,"$50,000",EUR-Consumer Discretionary,3 - Validated,Business Partner,NA,"Sep 29, 2017",Commercial
KHC,3854,"$66,667",NA-Consumer Staples,3 - Validated,Marketing,NA,"Aug 23, 2017",Commercial
ADS,23122,"$400,000",US Information Technology,3 - Validated,Marketing,NA,"Sep 22, 2017",Public
UTX,3410,"$22,500",US-Industrials,4 - Qualified,Marketing,NA,"Sep 30, 2017",Enterprise
CMI,22734,"$150,000",EUR-Industrials,4 - Qualified,Marketing,NA,"Sep 29, 2017",Industrial
YUM,1156,"$20,000",EUR-Consumer Discretionary,3 - Validated,Digital Brand Sales,NA,"Jul 28, 2017",Commercial
ETR,16732,"$110,400",US-Utilities,4 - Qualified,Marketing,NA,"Sep 29, 2017",Commercial
NTRS,2890,"$50,000",US-Financials,3 - Validated,Technical Support,NA,"Aug 31, 2017",Industrial
TDC,4092,"$27,000",US Information Technology,4 - Qualified,Marketing,NA,"Sep 29, 2017",Enterprise
ADBE,35836,"$619,962",EUR-Information Technology,3 - Validated,Brand Sales,NA,"Aug 25, 2017",Computer Services
EQIX,6146,"$106,320",LA-Real Estate,3 - Validated,Brand Sales,NA,"Sep 4, 2017",Enterprise
ROP,2023,"$35,000",LA-Industrials,3 - Validated,Marketing,NA,"Sep 30, 2017",Commercial
CSRA,8671,"$150,000",US Information Technology,3 - Validated,Marketing,NA,"Sep 20, 2017",Enterprise
HES,5780,"$100,000",US-Energy,3 - Validated,Marketing,NA,"Sep 30, 2017",Enterprise
UDR,16154,"$24,865",US-Real Estate,5 - Conditional Agreement,Brand Sales,NA,"Sep 25, 2017",Financial Services
MCK,7578,"$50,000",US Health Care,4 - Qualified,Marketing,NA,"Sep 30, 2017",Enterprise
RF,2081,"$36,000",EUR-Financials,3 - Validated,Marketing,NA,"Sep 5, 2017",Enterprise
PLD,6820,"$45,000",EUR-Real Estate,4 - Qualified,Marketing,NA,"Sep 30, 2017",Enterprise
INCY,12958,"$85,500",US Health Care,4 - Qualified,Brand Sales,NA,"Sep 22, 2017",Industrial
TDG,16242,"$25,000",EUR-Industrials,5 - Conditional Agreement,Brand Sales,NA,"Aug 18, 2017",Enterprise
KIM,1927,"$70,000",EUR-Real Estate,4 - Qualified,Brand Sales,NA,"Sep 11, 2017",Communications
TMO,1445,"$25,000",US Health Care,3 - Validated,Marketing,NA,"Sep 29, 2017",Public
AEE,412147,"$300,000",US-Utilities,4 - Qualified,Marketing,NA,"Sep 29, 2017",Financial Services
MS,2890,"$50,000",US-Financials,3 - Validated,Business Partner,NA,"Sep 15, 2017",Computer Services
IFF,11745,"$77,495",EUR-Materials,4 - Qualified,Technical Support,NA,"Sep 21, 2017",Commercial
TGNA,1561,"$27,000",US-Consumer Discretionary,3 - Validated,Marketing,NA,"Sep 29, 2017",Communications
SYMC,1734,"$30,000",US Information Technology,3 - Validated,Digital Brand Sales,NA,"Aug 31, 2017",Distribution
JWN,2890,"$50,000",AS-Consumer Discretionary,3 - Validated,Digital Brand Sales,NA,"Sep 28, 2017",Commercial
CSCO,9634,"$166,667",US Information Technology,3 - Validated,Brand Sales,NA,"Sep 29, 2017",Public
BBT,14451,"$250,000",US-Financials,3 - Validated,TeleCoverage,NA,"Sep 22, 2017",Financial Services
NUE,2890,"$50,000",US-Materials,3 - Validated,Technical Support,NA,"Sep 19, 2017",Distribution
HAL,15156,"$100,000",US-Energy,4 - Qualified,Technical Support,NA,"Sep 29, 2017",Enterprise
UPS,14943,"$23,000",US-Industrials,5 - Conditional Agreement,Marketing,NA,"Aug 31, 2017",Computer Services
LNC,9094,"$60,000",EUR-Financials,4 - Qualified,Business Partner,NA,"Sep 30, 2017",Financial Services
GPC,15156,"$100,000",US-Consumer Discretionary,4 - Qualified,Brand Sales,NA,"Sep 22, 2017",Commercial
JNPR,4046,"$70,000",LA-Information Technology,3 - Validated,Marketing,NA,"Sep 29, 2017",Enterprise
VMC,1156,"$20,000",US-Materials,3 - Validated,Digital Brand Sales,NA,"Sep 30, 2017",Enterprise
HD,15156,"$100,000",US-Consumer Discretionary,4 - Qualified,Technical Support,NA,"Sep 30, 2017",Enterprise
CPB,11561,"$200,000",AS-Consumer Staples,3 - Validated,Brand Sales,NA,"Sep 26, 2017",Enterprise
PGR,6820,"$45,000",US-Financials,4 - Qualified,Marketing,NA,"Sep 30, 2017",Computer Services
EBAY,1226,"$120,000",EUR-Information Technology,3 - Validated,Technical Support,NA,"Sep 30, 2017",Enterprise
CMS,23490,"$154,990",EUR-Utilities,4 - Qualified,Technical Support,NA,"Sep 29, 2017",Commercial
UHS,3410,"$22,500",US Health Care,4 - Qualified,Technical Support,NA,"Sep 30, 2017",Enterprise
KLAC,4035,"$69,800",EUR-Information Technology,3 - Validated,Business Partner,NA,"Sep 9, 2017",Commercial
BHI,14451,"$250,000",US-Energy,3 - Validated,Marketing,NA,"Sep 29, 2017",Commercial
LLL,3854,"$66,666",NA-Industrials,3 - Validated,Brand Sales,NA,"Sep 29, 2017",Financial Services
MCD,4443,"$50,000",US-Consumer Discretionary,3 - Validated,Business Partner,NA,"Sep 30, 2017",Enterprise
COO,1561,"$27,000",US Health Care,3 - Validated,Marketing,NA,"Sep 29, 2017",Enterprise
AKAM,28902,"$500,000",US Information Technology,3 - Validated,Brand Sales,NA,"Sep 27, 2017",Financial Services
SRE,1927,"$33,333",NA-Utilities,3 - Validated,Digital Brand Sales,NA,"Aug 21, 2017",Commercial
TRV,1561,"$27,000",US-Financials,3 - Validated,Brand Sales,NA,"Sep 29, 2017",Enterprise
IBM,4624,"$80,000",US Information Technology,3 - Validated,Technical Support,NA,"Sep 29, 2017",Communications
LYB,3468,"$60,000",US-Materials,3 - Validated,Marketing,NA,"Sep 29, 2017",Distribution
WBA,1156,"$20,000",EUR-Consumer Staples,3 - Validated,Brand Sales,NA,"Sep 19, 2017",Enterprise
CL,8728,"$151,000",EUR-Consumer Staples,3 - Validated,Brand Sales,NA,"Sep 20, 2017",Enterprise
MHK,2890,"$50,000",US-Consumer Discretionary,3 - Validated,Marketing,NA,"Sep 22, 2017",Enterprise
VTR,3183,"$21,000",EUR-Real Estate,4 - Qualified,Marketing,NA,"Aug 31, 2017",Distribution
NDAQ,2890,"$50,000",US-Financials,3 - Validated,Marketing,NA,"Sep 29, 2017",Enterprise
MUR,7578,"$50,000",US-Energy,4 - Qualified,Marketing,NA,"Sep 16, 2017",Public
MJN,2890,"$50,000",LA-Consumer Staples,3 - Validated,Marketing,NA,"Sep 29, 2017",Enterprise
ES,127819,"$100,000",EUR-Utilities,3 - Validated,Business Partner,NA,"Jul 11, 2017",Enterprise
WDC,1156,"$20,000",US Information Technology,3 - Validated,Digital Brand Sales,NA,"Sep 28, 2017",Computer Services
EMR,6451,"$111,600",NA-Industrials,3 - Validated,Marketing,NA,"Sep 30, 2017",Public
AIZ,14451,"$250,000",US-Financials,3 - Validated,Marketing,NA,"Sep 11, 2017",Enterprise
NBL,7578,"$50,000",US-Energy,4 - Qualified,Technical Support,NA,"Sep 29, 2017",Computer Services
NI,2890,"$50,000",US-Utilities,3 - Validated,Brand Sales,NA,"Aug 28, 2017",Industrial
ADM,14509,"$251,000",US-Consumer Staples,3 - Validated,Marketing,NA,"Sep 28, 2017",Enterprise
BMY,12486,"$216,000",US Health Care,3 - Validated,Technical Support,NA,"Sep 1, 2017",Financial Services
WY,1156,"$20,000",LA-Real Estate,3 - Validated,Marketing,NA,"Aug 30, 2017",Commercial
HPQ,114490,"$94,544",EUR-Information Technology,6 - Won,Marketing,Relationships w key execs,"Sep 22, 2017",Commercial
CXO,22734,"$150,000",US-Energy,4 - Qualified,Brand Sales,NA,"Sep 15, 2017",Industrial
TXT,4092,"$27,000",LA-Industrials,4 - Qualified,Marketing,NA,"Sep 29, 2017",Enterprise
RHT,2081,"$36,000",AS-Information Technology,3 - Validated,Digital Brand Sales,NA,"Sep 30, 2017",Enterprise
SIG,20497,"$31,550",US-Consumer Discretionary,5 - Conditional Agreement,Marketing,NA,"Aug 31, 2017",Computer Services
ESRX,5780,"$100,000",US Health Care,3 - Validated,Marketing,NA,"Sep 30, 2017",Enterprise
ED,8671,"$150,000",EUR-Utilities,3 - Validated,Brand Sales,NA,"Sep 1, 2017",Enterprise
T,14451,"$250,000",US-Telecommunications Services,3 - Validated,Marketing,NA,"Jul 6, 2017",Financial Services
SCHW,11561,"$200,000",US-Financials,3 - Validated,Marketing,NA,"Sep 29, 2017",Communications
MON,2890,"$50,000",EUR-Materials,3 - Validated,Marketing,NA,"Sep 29, 2017",Enterprise
APA,15896,"$275,000",US-Energy,3 - Validated,Marketing,NA,"Sep 22, 2017",Enterprise
AVGO,12428,"$215,000",US Information Technology,3 - Validated,Marketing,NA,"Sep 29, 2017",Enterprise
APH,1394687,"$293,300",US Information Technology,6 - Won,Business Partner,Better understood client needs,"Sep 30, 2017",Public
DRI,8671,"$150,000",US-Consumer Discretionary,3 - Validated,Marketing,NA,"Sep 11, 2017",Public
FOXA,1445,"$25,000",US-Consumer Discretionary,3 - Validated,Digital Brand Sales,NA,"Sep 30, 2017",Commercial
WU,1156,"$20,000",EUR-Information Technology,3 - Validated,Digital Brand Sales,NA,"Sep 30, 2017",Commercial
TSCO,1445,"$25,000",US-Consumer Discretionary,3 - Validated,Marketing,NA,"Sep 29, 2017",Financial Services
MRO,8362,"$55,170",US-Energy,4 - Qualified,Marketing,NA,"Sep 30, 2017",Commercial
TGT,33907,"$28,000",EUR-Consumer Discretionary,6 - Won,Marketing,NA,"Jul 31, 2017",Enterprise
HCA,5780,"$100,000",AS-Health Care,3 - Validated,TeleCoverage,NA,"Sep 5, 2017",Commercial
URI,1327,"$22,950",US-Industrials,3 - Validated,Marketing,NA,"Sep 25, 2017",Communications
COG,11561,"$200,000",US-Energy,3 - Validated,Marketing,NA,"Aug 23, 2017",Enterprise
AJG,14496,"$250,777",US-Financials,3 - Validated,Marketing,NA,"Sep 29, 2017",Public
GPN,5780,"$100,000",US Information Technology,3 - Validated,Marketing,NA,"Sep 29, 2017",Enterprise
DAL,22734,"$150,000",EUR-Industrials,4 - Qualified,Marketing,NA,"Sep 29, 2017",Financial Services
UA,15592,"$24,000",US-Consumer Discretionary,5 - Conditional Agreement,Marketing,NA,"Aug 31, 2017",Computer Services
BF.B,137018,"$210,900",US-Consumer Staples,5 - Conditional Agreement,Digital Brand Sales,NA,"Sep 12, 2017",Computer Services
CAH,11561,"$200,000",US Health Care,3 - Validated,Marketing,NA,"Sep 28, 2017",Financial Services
YHOO,1156,"$20,000",US Information Technology,3 - Validated,Marketing,NA,"Sep 29, 2017",Commercial
OXY,2890,"$50,000",US-Energy,3 - Validated,Brand Sales,NA,"Sep 22, 2017",Enterprise
UAA,1387,"$24,000",AS-Consumer Discretionary,3 - Validated,Digital Brand Sales,NA,"Aug 31, 2017",Commercial
ORCL,7578,"$50,000",NA-Information Technology,4 - Qualified,Marketing,NA,"Sep 15, 2017",Communications
ABT,57804,"$1,000,000",LA-Health Care,3 - Validated,Brand Sales,NA,"Sep 28, 2017",Enterprise
AAPL,15318,"$265,000",US Information Technology,3 - Validated,Marketing,NA,"Aug 30, 2017",Commercial
KMX,11561,"$200,000",US-Consumer Discretionary,3 - Validated,Marketing,NA,"Sep 30, 2017",Commercial
CF,11561,"$200,000",US-Materials,3 - Validated,Marketing,NA,"Sep 28, 2017",Financial Services
EFX,6268,"$108,433",EUR-Industrials,3 - Validated,Business Partner,NA,"Sep 29, 2017",Commercial
FFIV,15156,"$100,000",US Information Technology,4 - Qualified,Marketing,NA,"Sep 29, 2017",Distribution
SLB,1927,"$33,333",NA-Energy,3 - Validated,Marketing,NA,"Sep 4, 2017",Commercial
SWKS,1792,"$31,000",AS-Information Technology,3 - Validated,Technical Support,NA,"Sep 15, 2017",Commercial
FL,5780,"$100,000",US-Consumer Discretionary,3 - Validated,Marketing,NA,"Sep 14, 2017",Communications
HP,5780,"$100,000",EUR-Energy,3 - Validated,Marketing,NA,"Sep 25, 2017",Enterprise
EQT,6358,"$110,000",US-Energy,3 - Validated,Technical Support,NA,"Sep 22, 2017",Commercial
GWW,5780,"$100,000",EUR-Industrials,3 - Validated,Technical Support,NA,"Aug 31, 2017",Distribution
MAA,2890,"$50,000",US-Real Estate,3 - Validated,Brand Sales,NA,"Sep 30, 2017",Communications
PNC,2697,"$46,666",NA-Financials,3 - Validated,Digital Brand Sales,NA,"Sep 5, 2017",Commercial
AMZN,46838,"$309,036",US-Consumer Discretionary,4 - Qualified,Marketing,NA,"Aug 31, 2017",Distribution
AES,34682,"$600,000",US-Utilities,3 - Validated,Technical Support,NA,"Sep 30, 2017",Financial Services
CTAS,36893,"$169,000",LA-Industrials,6 - Won,Business Partner,NA,"Aug 12, 2017",Enterprise
ABBV,1373821,"$1,000,000",US Health Care,4 - Qualified,Marketing,NA,"Sep 28, 2017",Public
CVX,17087,"$200,000",US-Energy,3 - Validated,Marketing,NA,"Sep 21, 2017",Communications
ECL,18187,"$120,000",US-Materials,4 - Qualified,Digital Brand Sales,NA,"Sep 29, 2017",Commercial
CMG,11561,"$200,000",US-Consumer Discretionary,3 - Validated,Marketing,NA,"Aug 31, 2017",Public
RRC,5485,"$36,190",JN-Energy,4 - Qualified,Brand Sales,NA,"Sep 29, 2017",Industrial
TSN,1445,"$25,000",EUR-Consumer Staples,3 - Validated,Brand Sales,NA,"Sep 29, 2017",Enterprise
IP,4624,"$80,000",US-Materials,3 - Validated,Marketing,NA,"Sep 1, 2017",Commercial
SHW,1850,"$32,000",LA-Materials,3 - Validated,Marketing,NA,"Sep 29, 2017",Enterprise
SYK,1734,"$30,000",EUR Health Care,3 - Validated,Brand Sales,NA,"Jul 31, 2017",Enterprise
DVA,8671,"$150,000",EUR Health Care,3 - Validated,Marketing,NA,"Sep 30, 2017",Enterprise
HAR,5780,"$100,000",US-Consumer Discretionary,3 - Validated,Marketing,NA,"Sep 29, 2017",Financial Services
TWX,1445,"$25,000",US-Consumer Discretionary,3 - Validated,Marketing,NA,"Sep 27, 2017",Enterprise
AN,14451,"$250,000",US-Consumer Discretionary,3 - Validated,Business Partner,NA,"Aug 25, 2017",Computer Services
JNJ,4335,"$75,000",US Health Care,3 - Validated,Marketing,NA,"Sep 18, 2017",Public
PKI,2753,"$47,619",JN-Health Care,3 - Validated,Marketing,NA,"Sep 25, 2017",Enterprise
AXP,17341,"$300,000",US-Financials,3 - Validated,Marketing,NA,"Sep 29, 2017",Financial Services
EXPD,15156,"$100,000",EUR-Industrials,4 - Qualified,Marketing,NA,"Sep 28, 2017",Enterprise
CLX,1561,"$27,000",US-Consumer Staples,3 - Validated,Business Partner,NA,"Sep 22, 2017",Enterprise
KEY,4046,"$70,000",US-Financials,3 - Validated,Technical Support,NA,"Sep 12, 2017",Enterprise
BXP,13006,"$225,000",US-Real Estate,3 - Validated,Marketing,NA,"Sep 30, 2017",Enterprise
HIG,5780,"$100,000",US-Financials,3 - Validated,Brand Sales,NA,"Sep 22, 2017",Enterprise
PCAR,7578,"$50,000",EUR-Industrials,4 - Qualified,Marketing,NA,"Sep 29, 2017",Financial Services
ITW,5202,"$90,000",US-Industrials,3 - Validated,Marketing,NA,"Aug 23, 2017",Financial Services
ABC,17341,"$300,000",US Health Care,3 - Validated,Marketing,NA,"Jul 21, 2017",Enterprise
BWA,1451,"$238,095",JN-Consumer Discretionary,3 - Validated,Marketing,NA,"Sep 15, 2017",Communications
AAP,34682,"$600,000",EUR-Consumer Discretionary,3 - Validated,Brand Sales,NA,"Sep 29, 2017",Enterprise
FITB,15156,"$100,000",EUR-Financials,4 - Qualified,Marketing,NA,"Sep 29, 2017",Enterprise
DOW,7226,"$125,000",US-Materials,3 - Validated,Marketing,NA,"Sep 30, 2017",Enterprise
UNM,1301,"$22,500",US-Financials,3 - Validated,Marketing,NA,"Sep 27, 2017",Enterprise
ROK,2023,"$35,000",US-Industrials,3 - Validated,Marketing,NA,"Sep 30, 2017",Enterprise
NLSN,2890,"$50,000",US-Industrials,3 - Validated,TeleCoverage,NA,"Sep 24, 2017",Commercial
HON,14853,"$98,000",EUR-Industrials,4 - Qualified,Brand Sales,NA,"Sep 22, 2017",Enterprise
DNB,6936,"$120,000",LA-Industrials,3 - Validated,Technical Support,NA,"Jul 31, 2017",Commercial
SJM,4335,"$75,000",US-Consumer Staples,3 - Validated,Marketing,NA,"Sep 29, 2017",Public
AME,17341,"$300,000",US-Industrials,3 - Validated,Marketing,NA,"Jul 28, 2017",Enterprise
HPE,15156,"$100,000",EUR-Information Technology,4 - Qualified,Marketing,NA,"Sep 29, 2017",Financial Services
AMP,17341,"$300,000",LA-Financials,3 - Validated,Brand Sales,NA,"Sep 18, 2017",Enterprise
CELG,11561,"$200,000",US Health Care,3 - Validated,Marketing,NA,"Sep 29, 2017",Enterprise
FIS,5780,"$100,000",LA-Information Technology,3 - Validated,Brand Sales,NA,"Sep 30, 2017",Enterprise
DGX,2168,"$37,500",EUR Health Care,3 - Validated,Marketing,NA,"Sep 29, 2017",Enterprise
HBI,5780,"$100,000",AS-Consumer Discretionary,3 - Validated,Brand Sales,NA,"Sep 22, 2017",Enterprise
HUM,5202,"$90,000",EUR Health Care,3 - Validated,Business Partner,NA,"Sep 5, 2017",Commercial
DOV,7226,"$125,000",US-Industrials,3 - Validated,Marketing,NA,"Sep 29, 2017",Public
ADP,14451,"$250,000",US Information Technology,3 - Validated,Marketing,NA,"Aug 25, 2017",Enterprise
MA,10891,"$50,000",US Information Technology,3 - Validated,Business Partner,NA,"Jul 23, 2017",Commercial
IPG,12125,"$80,000",US-Consumer Discretionary,4 - Qualified,Technical Support,NA,"Sep 30, 2017",Enterprise
TSO,1561,"$27,000",US-Energy,3 - Validated,Marketing,NA,"Sep 14, 2017",Public
XYL,1156,"$20,000",US-Industrials,3 - Validated,Marketing,NA,"Sep 29, 2017",Commercial
NFX,2890,"$50,000",EUR-Energy,3 - Validated,Brand Sales,NA,"Sep 29, 2017",Financial Services
GM,5780,"$100,000",EUR-Consumer Discretionary,3 - Validated,Marketing,NA,"Sep 28, 2017",Enterprise
RSG,2081,"$36,000",AS-Industrials,3 - Validated,Digital Brand Sales,NA,"Sep 30, 2017",Commercial
TXN,4092,"$27,000",US Information Technology,4 - Qualified,Marketing,NA,"Sep 15, 2017",Enterprise
PEP,31577,"$48,604",LA-Consumer Staples,5 - Conditional Agreement,Brand Sales,NA,"Aug 31, 2017",Enterprise
SEE,1927,"$33,333",NA-Materials,3 - Validated,Marketing,NA,"Sep 29, 2017",Financial Services
CNP,30312,"$200,000",US-Utilities,4 - Qualified,Marketing,NA,"Sep 29, 2017",Enterprise
CMA,8671,"$150,000",LA-Financials,3 - Validated,Marketing,NA,"Sep 30, 2017",Enterprise
GE,5780,"$100,000",US-Industrials,3 - Validated,Marketing,NA,"Sep 7, 2017",Enterprise
MMM,219764,"$1,450,000",US-Industrials,4 - Qualified,Marketing,NA,"Sep 25, 2017",Communications
NEM,32484,"$50,000",US-Materials,5 - Conditional Agreement,Technical Support,NA,"Aug 25, 2017",Communications
DHI,22734,"$150,000",US-Consumer Discretionary,4 - Qualified,Marketing,NA,"Sep 29, 2017",Public
BEN,5780,"$100,000",US-Financials,3 - Validated,Digital Brand Sales,NA,"Sep 29, 2017",Computer Services
DISCK,7927,"$137,142",JN-Consumer Discretionary,3 - Validated,Marketing,NA,"Sep 29, 2017",Communications
EW,18187,"$120,000",US Health Care,4 - Qualified,Marketing,NA,"Sep 29, 2017",Enterprise
INTU,11670,"$77,000",US Information Technology,4 - Qualified,Marketing,NA,"Sep 14, 2017",Enterprise
PCLN,26551,"$45,000",EUR-Consumer Discretionary,6 - Won,Marketing,NA,"Jul 30, 2017",Enterprise
UNH,1344,"$23,255",EUR Health Care,3 - Validated,Business Partner,NA,"Sep 24, 2017",Commercial
SRCL,1734,"$30,000",US-Industrials,3 - Validated,Marketing,NA,"Sep 22, 2017",Enterprise
LNT,23122,"$400,000",US-Utilities,3 - Validated,Marketing,NA,"Sep 29, 2017",Commercial
WHR,1156,"$20,000",EUR-Consumer Discretionary,3 - Validated,Digital Brand Sales,NA,"Sep 18, 2017",Commercial
DD,7179,"$124,200",US-Materials,3 - Validated,Brand Sales,NA,"Sep 30, 2017",Industrial
CAT,30312,"$200,000",LA-Industrials,4 - Qualified,Marketing,NA,"Sep 30, 2017",Enterprise
AIV,15896,"$275,000",US-Real Estate,3 - Validated,Marketing,NA,"Sep 29, 2017",Enterprise
ARNC,14509,"$251,000",US-Industrials,3 - Validated,Marketing,NA,"Sep 13, 2017",Enterprise
FDX,5780,"$100,000",US-Industrials,3 - Validated,Marketing,NA,"Sep 7, 2017",Enterprise
ORLY,2890,"$50,000",US-Consumer Discretionary,3 - Validated,Technical Support,NA,"Sep 29, 2017",Enterprise
ALK,28902,"$500,000",US-Industrials,3 - Validated,Brand Sales,NA,"Sep 22, 2017",Enterprise
SYF,1675,"$28,969",NA-Financials,3 - Validated,Marketing,NA,"Sep 26, 2017",Enterprise
CCI,22734,"$150,000",US-Real Estate,4 - Qualified,Marketing,NA,"Sep 22, 2017",Enterprise
TMK,1445,"$25,000",US-Financials,3 - Validated,Marketing,NA,"Aug 31, 2017",Computer Services
CERN,11561,"$200,000",EUR Health Care,3 - Validated,Brand Sales,NA,"Aug 15, 2017",Enterprise
SWN,1734,"$30,000",US-Energy,3 - Validated,Marketing,NA,"Sep 29, 2017",Public
LUV,4604,"$30,376",LA-Industrials,4 - Qualified,Marketing,NA,"Aug 30, 2017",Enterprise
RIG,1445,"$25,000",US-Energy,3 - Validated,Digital Brand Sales,NA,"Aug 31, 2017",Commercial
CSX,8671,"$150,000",US-Industrials,3 - Validated,Marketing,NA,"Sep 29, 2017",Financial Services
WEC,3031,"$20,000",EUR-Utilities,4 - Qualified,Brand Sales,NA,"Sep 22, 2017",Enterprise
SPLS,2561,"$30,000",US-Consumer Discretionary,3 - Validated,Marketing,NA,"Sep 29, 2017",Distribution
RHI,2023,"$35,000",EUR-Industrials,3 - Validated,Marketing,NA,"Sep 17, 2017",Commercial
EIX,10662,"$120,000",US-Utilities,3 - Validated,Technical Support,NA,"Sep 15, 2017",Enterprise
NWSA,2890,"$50,000",US-Consumer Discretionary,3 - Validated,Marketing,NA,"Aug 31, 2017",Public
TIF,1445,"$25,000",US-Consumer Discretionary,3 - Validated,Marketing,NA,"Aug 15, 2017",Public
CVS,8671,"$150,000",US-Consumer Staples,3 - Validated,Marketing,NA,"Sep 21, 2017",Communications
DG,7927,"$137,142",JN-Consumer Discretionary,3 - Validated,Marketing,NA,"Sep 29, 2017",Communications
INTC,4624,"$80,000",CG-Information Technology,3 - Validated,Brand Sales,NA,"Sep 29, 2017",Enterprise
AMT,17341,"$300,000",US-Real Estate,3 - Validated,Marketing,NA,"Sep 15, 2017",Enterprise
EL,5780,"$100,000",EUR-Consumer Staples,3 - Validated,Marketing,NA,"Sep 23, 2017",Enterprise
BCR,14451,"$250,000",AS-Health Care,3 - Validated,Marketing,NA,"Aug 31, 2017",Enterprise
RL,6972,"$46,000",US-Consumer Discretionary,4 - Qualified,Marketing,NA,"Aug 30, 2017",Enterprise
PNR,2877,"$49,777",US-Industrials,3 - Validated,Digital Brand Sales,NA,"Sep 19, 2017",Computer Services
USB,1445,"$25,000",EUR-Financials,3 - Validated,Marketing,NA,"Sep 15, 2017",Computer Services
AMAT,14740,"$255,000",EUR-Information Technology,3 - Validated,Marketing,NA,"Sep 29, 2017",Enterprise
LH,3854,"$66,666",JN-Health Care,3 - Validated,Business Partner,NA,"Sep 22, 2017",Commercial
STX,1927,"$33,333",AS-Information Technology,3 - Validated,Marketing,NA,"Jul 19, 2017",Enterprise
LLY,3498,"$60,518",NA-Health Care,3 - Validated,Marketing,NA,"Sep 30, 2017",Commercial
CI,28717,"$189,474",AS-Health Care,4 - Qualified,Marketing,NA,"Sep 29, 2017",Enterprise
LLTC,9094,"$60,000",EUR-Information Technology,4 - Qualified,Brand Sales,NA,"Sep 15, 2017",Industrial
AVY,14451,"$250,000",US-Materials,3 - Validated,Brand Sales,NA,"Sep 27, 2017",Computer Services
JPM,89795,"$70,000",CG-Financials,4 - Qualified,Technical Support,NA,"Sep 25, 2017",Communications
PM,2753,"$47,619",JN-Consumer Staples,3 - Validated,Brand Sales,NA,"Sep 28, 2017",Enterprise
CBOE,11561,"$200,000",LA-Financials,3 - Validated,Brand Sales,NA,"Sep 3, 2017",Enterprise
ATVI,46243,"$800,000",US Information Technology,3 - Validated,Marketing,NA,"Sep 28, 2017",Distribution
CHK,11561,"$200,000",EUR-Energy,3 - Validated,Marketing,NA,"Sep 22, 2017",Enterprise
FTV,15156,"$100,000",NA-Industrials,4 - Qualified,Marketing,NA,"Sep 21, 2017",Public
XLNX,3031,"$20,000",AS-Information Technology,4 - Qualified,Marketing,NA,"Aug 24, 2017",Enterprise
WAT,1156,"$20,000",EUR Health Care,3 - Validated,Digital Brand Sales,NA,"Sep 29, 2017",Enterprise
KMB,4046,"$70,000",LA-Consumer Staples,3 - Validated,Brand Sales,NA,"Sep 28, 2017",Enterprise
PWR,2240,"$38,747",EUR-Industrials,3 - Validated,Marketing,NA,"Jul 4, 2017",Commercial
ADSK,14451,"$250,000",US Information Technology,3 - Validated,Technical Support,NA,"Jul 1, 2017",Enterprise
LEG,3854,"$66,666",NA-Consumer Discretionary,3 - Validated,Marketing,NA,"Sep 30, 2017",Public
EVHC,92372,"$110,000",AS-Health Care,6 - Won,Marketing,Cross-brand value prop,"Jul 7, 2017",Enterprise
GILD,472,"$100,000",EUR Health Care,3 - Validated,Brand Sales,NA,"Sep 30, 2017",Enterprise
SBUX,1734,"$30,000",US-Consumer Discretionary,3 - Validated,Marketing,NA,"Sep 14, 2017",Public
DISCA,7927,"$137,142",JN-Consumer Discretionary,3 - Validated,Marketing,NA,"Sep 29, 2017",Communications
ADI,43771,"$288,800",US Information Technology,4 - Qualified,Brand Sales,NA,"Sep 25, 2017",Enterprise
SNA,37056,"$30,600",US-Consumer Discretionary,6 - Won,Marketing,Better understood client needs,"Aug 4, 2017",Financial Services
PYPL,2890,"$50,000",JN-Information Technology,3 - Validated,Marketing,NA,"Sep 29, 2017",Industrial
NOV,4443,"$50,000",US-Energy,3 - Validated,Marketing,NA,"Sep 29, 2017",Enterprise
COL,2023,"$35,000",US-Industrials,3 - Validated,Digital Brand Sales,NA,"Jul 21, 2017",Commercial
ROST,2023,"$35,000",US-Consumer Discretionary,3 - Validated,Marketing,NA,"Sep 29, 2017",Commercial
IDXX,5202,"$90,000",US Health Care,3 - Validated,Marketing,NA,"Sep 30, 2017",Industrial
HOLX,5780,"$100,000",US Health Care,3 - Validated,Marketing,NA,"Sep 30, 2017",Enterprise
PH,2890,"$50,000",AS-Industrials,3 - Validated,Digital Brand Sales,NA,"Sep 29, 2017",Commercial
FTI,5780,"$100,000",US-Energy,3 - Validated,Technical Support,NA,"Sep 29, 2017",Industrial
QCOM,6062,"$40,000",EUR-Information Technology,4 - Qualified,Marketing,NA,"Sep 29, 2017",Enterprise
BLK,14451,"$250,000",AS-Financials,3 - Validated,Brand Sales,NA,"Aug 31, 2017",Enterprise
IRM,11367,"$75,000",US-Real Estate,4 - Qualified,Marketing,NA,"Jul 28, 2017",Enterprise
FE,5780,"$100,000",US-Utilities,3 - Validated,Marketing,NA,"Sep 29, 2017",Distribution
FMC,5780,"$100,000",LA-Materials,3 - Validated,Brand Sales,NA,"Sep 29, 2017",Enterprise
DVN,22186,"$146,382",US-Energy,4 - Qualified,Marketing,NA,"Sep 29, 2017",Public
UNP,1387,"$24,000",US-Industrials,3 - Validated,Marketing,NA,"Aug 30, 2017",Communications
VFC,1953,"$22,000",US-Consumer Discretionary,3 - Validated,Business Partner,NA,"Sep 30, 2017",Enterprise
HSIC,413,"$100,000",EUR Health Care,3 - Validated,Brand Sales,NA,"Sep 28, 2017",Enterprise
CA,11561,"$200,000",US Information Technology,3 - Validated,Technical Support,NA,"Sep 29, 2017",Distribution
VAR,1239,"$21,428",JN-Health Care,3 - Validated,Brand Sales,NA,"Sep 29, 2017",Enterprise
DE,8671,"$150,000",US-Industrials,3 - Validated,Marketing,NA,"Sep 29, 2017",Computer Services
CBS,11561,"$200,000",EUR-Consumer Discretionary,3 - Validated,Marketing,NA,"Sep 15, 2017",Financial Services
CHD,11561,"$200,000",US-Consumer Staples,3 - Validated,Brand Sales,NA,"Sep 27, 2017",Enterprise
AYI,57525,"$647,363",US-Industrials,3 - Validated,Marketing,NA,"Sep 25, 2017",Enterprise
BIIB,37890,"$250,000",US Health Care,4 - Qualified,Technical Support,NA,"Sep 30, 2017",Enterprise
FLS,5780,"$100,000",US-Industrials,3 - Validated,Brand Sales,NA,"Sep 29, 2017",Industrial
BAC,14451,"$250,000",US-Financials,3 - Validated,Brand Sales,NA,"Sep 29, 2017",Industrial
REGN,2081,"$36,000",AS-Health Care,3 - Validated,Digital Brand Sales,NA,"Sep 1, 2017",Computer Services
FSLR,5780,"$100,000",US Information Technology,3 - Validated,Marketing,NA,"Sep 29, 2017",Enterprise
NFLX,2890,"$50,000",US Information Technology,3 - Validated,Marketing,NA,"Sep 29, 2017",Enterprise
CTL,11561,"$200,000",US-Telecommunications Services,3 - Validated,Technical Support,NA,"Sep 28, 2017",Financial Services
NWL,2890,"$50,000",US-Consumer Discretionary,3 - Validated,Marketing,NA,"Sep 29, 2017",Enterprise
LEN,9646,"$63,645",US-Consumer Discretionary,4 - Qualified,Marketing,NA,"Aug 31, 2017",Distribution
HCN,3031,"$20,000",EUR-Real Estate,4 - Qualified,Marketing,NA,"Sep 5, 2017",Enterprise
KSS,10458,"$69,000",LA-Consumer Discretionary,4 - Qualified,Brand Sales,NA,"Sep 30, 2017",Enterprise
XRAY,8671,"$150,000",EUR Health Care,3 - Validated,Brand Sales,NA,"Sep 22, 2017",Enterprise
KR,3854,"$66,666",NA-Consumer Staples,3 - Validated,Technical Support,NA,"Sep 29, 2017",Financial Services
CTSH,23391,"$154,333",US Information Technology,4 - Qualified,Technical Support,NA,"Sep 29, 2017",Public
EXR,5780,"$100,000",US-Real Estate,3 - Validated,Marketing,NA,"Sep 30, 2017",Enterprise
HCP,15156,"$100,000",US-Real Estate,4 - Qualified,Marketing,NA,"Sep 30, 2017",Enterprise
TSS,1445,"$25,000",EUR-Information Technology,3 - Validated,Marketing,NA,"Sep 24, 2017",Commercial
EQR,15863,"$104,667",EUR-Real Estate,4 - Qualified,Marketing,NA,"Sep 20, 2017",Financial Services
VRTX,1156,"$20,000",LA-Health Care,3 - Validated,Business Partner,NA,"Jul 31, 2017",Commercial
BAX,14451,"$250,000",EUR Health Care,3 - Validated,Brand Sales,NA,"Aug 23, 2017",Enterprise
VRSN,1202,"$20,800",US Information Technology,3 - Validated,Global Services,NA,"Sep 8, 2017",Financial Services
EXPE,5780,"$100,000",US-Consumer Discretionary,3 - Validated,Technical Support,NA,"Jul 31, 2017",Enterprise
AAL,17341,"$300,000",US-Industrials,3 - Validated,Marketing,NA,"Sep 28, 2017",Financial Services
C,9634,"$166,667",US-Financials,3 - Validated,Brand Sales,NA,"Sep 29, 2017",Public
LKQ,3468,"$60,000",EUR-Consumer Discretionary,3 - Validated,Brand Sales,NA,"Sep 13, 2017",Enterprise
MCHP,2890,"$50,000",EUR-Information Technology,3 - Validated,Marketing,NA,"Sep 29, 2017",Enterprise
PVH,2312,"$40,000",EUR-Consumer Discretionary,3 - Validated,Brand Sales,NA,"Sep 22, 2017",Enterprise
PCG,2753,"$47,619",JN-Utilities,3 - Validated,Brand Sales,NA,"Sep 29, 2017",Enterprise
ALLE,25048,"$433,333",NA-Industrials,3 - Validated,TeleCoverage,NA,"Sep 28, 2017",Public
TRIP,32069,"$25,000",CG-Consumer Discretionary,4 - Qualified,Marketing,NA,"Sep 26, 2017",Communications
GGP,5780,"$100,000",US-Real Estate,3 - Validated,Marketing,NA,"Sep 29, 2017",Enterprise
O,2081,"$36,000",EUR-Real Estate,3 - Validated,Marketing,NA,"Sep 30, 2017",Enterprise
XEC,10405,"$180,000",US-Energy,3 - Validated,Brand Sales,NA,"Aug 22, 2017",Enterprise
NWS,2890,"$50,000",EUR-Consumer Discretionary,3 - Validated,Brand Sales,NA,"Sep 27, 2017",Enterprise
LVLT,3512,"$60,755",LA-Telecommunications Services,3 - Validated,Marketing,NA,"Sep 29, 2017",Commercial
D,7283,"$126,000",US-Utilities,3 - Validated,Marketing,NA,"Aug 31, 2017",Enterprise
NAVI,7578,"$50,000",EUR-Financials,4 - Qualified,Marketing,NA,"Sep 29, 2017",Enterprise
TROW,4301,"$28,380",US-Financials,4 - Qualified,Brand Sales,NA,"Aug 31, 2017",Financial Services
STZ,8671,"$150,000",LA-Consumer Staples,3 - Validated,Marketing,NA,"Sep 17, 2017",Enterprise
NKE,236,"$50,000",EUR-Consumer Discretionary,3 - Validated,Brand Sales,NA,"Sep 26, 2017",Enterprise
V,1156,"$20,000",EUR-Information Technology,3 - Validated,Business Partner,NA,"Sep 29, 2017",Industrial
SNI,1927,"$33,333",JN-Consumer Discretionary,3 - Validated,Marketing,NA,"Sep 25, 2017",Enterprise
HST,5505,"$95,238",JN-Real Estate,3 - Validated,Marketing,NA,"Sep 28, 2017",Enterprise
OMC,7578,"$50,000",AS-Consumer Discretionary,4 - Qualified,Brand Sales,NA,"Sep 20, 2017",Enterprise
EOG,6358,"$110,000",EUR-Energy,3 - Validated,Marketing,NA,"Jul 26, 2017",Commercial
ALB,28902,"$500,000",US-Materials,3 - Validated,Technical Support,NA,"Sep 30, 2017",Industrial
WRK,3031,"$20,000",CG-Materials,4 - Qualified,Marketing,NA,"Sep 29, 2017",Enterprise
MYL,4443,"$50,000",US Health Care,3 - Validated,Marketing,NA,"Sep 13, 2017",Enterprise
BA,36108,"$238,239",LA-Industrials,4 - Qualified,Marketing,NA,"Sep 29, 2017",Enterprise
ALL,34170,"$400,000",US-Financials,3 - Validated,Marketing,NA,"Sep 29, 2017",Distribution
AEP,1416,"$300,000",EUR-Utilities,3 - Validated,Brand Sales,NA,"Sep 29, 2017",Enterprise
IR,12883,"$85,000",AS-Industrials,4 - Qualified,Marketing,NA,"Sep 22, 2017",Commercial
MAS,7578,"$50,000",LA-Industrials,4 - Qualified,Marketing,NA,"Aug 18, 2017",Enterprise
UAL,1387,"$24,000",US-Industrials,3 - Validated,Technical Support,NA,"Sep 29, 2017",Communications
ILMN,13641,"$90,000",US Health Care,4 - Qualified,Marketing,NA,"Sep 18, 2017",Financial Services
ZTS,1156,"$20,000",AS-Health Care,3 - Validated,Brand Sales,NA,"Sep 29, 2017",Enterprise
CHTR,11561,"$200,000",US-Consumer Discretionary,3 - Validated,Technical Support,NA,"Sep 30, 2017",Industrial
MO,53046,"$350,000",US-Consumer Staples,4 - Qualified,Marketing,NA,"Aug 30, 2017",Enterprise
MNST,7578,"$50,000",US-Consumer Staples,4 - Qualified,Brand Sales,NA,"Sep 22, 2017",Communications
COF,11561,"$200,000",US-Financials,3 - Validated,Technical Support,NA,"Sep 30, 2017",Communications
SPGI,1971,"$34,097",EUR-Financials,3 - Validated,Marketing,NA,"Jul 28, 2017",Enterprise
IVZ,6408,"$75,000",US-Financials,3 - Validated,Marketing,NA,"Sep 30, 2017",Public
TEL,4201,"$27,720",US Information Technology,4 - Qualified,Marketing,NA,"Sep 30, 2017",Enterprise
FOX,1445,"$25,000",US-Consumer Discretionary,3 - Validated,Digital Brand Sales,NA,"Sep 29, 2017",Commercial
PHM,2199,"$40,000",EUR-Consumer Discretionary,4 - Qualified,Brand Sales,NA,"Sep 15, 2017",Enterprise
KO,23490,"$154,990",EUR-Consumer Staples,4 - Qualified,Marketing,NA,"Sep 29, 2017",Enterprise
FLR,5780,"$100,000",AS-Industrials,3 - Validated,Marketing,NA,"Sep 22, 2017",Enterprise
XOM,5780,"$100,000",US-Energy,3 - Validated,Brand Sales,NA,"Jul 7, 2017",Commercial
NRG,2890,"$50,000",EUR-Utilities,3 - Validated,Technical Support,NA,"Sep 29, 2017",Enterprise
MCO,60549,"$50,000",EUR-Financials,6 - Won,Business Partner,NA,"Aug 4, 2017",Commercial
AIG,45468,"$300,000",US-Financials,4 - Qualified,Brand Sales,NA,"Sep 27, 2017",Enterprise
HAS,8543,"$100,000",US-Consumer Discretionary,3 - Validated,Brand Sales,NA,"Sep 22, 2017",Public
MSFT,2890,"$50,000",EUR-Information Technology,3 - Validated,Marketing,NA,"Sep 29, 2017",Enterprise
AGN,62645,"$413,333",EUR Health Care,4 - Qualified,Marketing,NA,"Sep 20, 2017",Financial Services
HRL,5549,"$96,000",EUR-Consumer Staples,3 - Validated,Marketing,NA,"Sep 30, 2017",Enterprise
LRCX,3854,"$66,666",NA-Information Technology,3 - Validated,Digital Brand Sales,NA,"Sep 22, 2017",Computer Services
BRK.B,14451,"$250,000",US-Financials,3 - Validated,Marketing,NA,"Sep 22, 2017",Enterprise
NVDA,7578,"$50,000",US Information Technology,4 - Qualified,Marketing,NA,"Sep 22, 2017",Communications
RAI,5456,"$36,000",US-Consumer Staples,4 - Qualified,Marketing,NA,"Sep 29, 2017",Enterprise
REG,2081,"$36,000",AS-Real Estate,3 - Validated,Digital Brand Sales,NA,"Sep 12, 2017",Commercial
GT,5780,"$100,000",US-Consumer Discretionary,3 - Validated,Marketing,NA,"Sep 15, 2017",Communications
XL,1156,"$20,000",EUR-Financials,3 - Validated,Digital Brand Sales,NA,"Sep 30, 2017",Commercial
KMI,4046,"$70,000",EUR-Energy,3 - Validated,Digital Brand Sales,NA,"Sep 26, 2017",Enterprise
LMT,172,"$60,000",AS-Industrials,4 - Qualified,Marketing,NA,"Sep 20, 2017",Enterprise
MTD,2890,"$50,000",US Health Care,3 - Validated,Marketing,NA,"Sep 15, 2017",Enterprise
VNO,1156,"$20,000",LA-Real Estate,3 - Validated,Business Partner,NA,"Aug 30, 2017",Commercial
ETFC,6828,"$120,000",LA-Financials,4 - Qualified,Marketing,NA,"Sep 27, 2017",Enterprise
EMN,18187,"$120,000",LA-Materials,4 - Qualified,Marketing,NA,"Sep 27, 2017",Enterprise
ALXN,26012,"$450,000",US Health Care,3 - Validated,Brand Sales,NA,"Sep 22, 2017",Distribution
JCI,90823,"$75,000",US-Industrials,6 - Won,Brand Sales,NA,"Jul 11, 2017",Financial Services
PAYX,7578,"$50,000",US Information Technology,4 - Qualified,Digital Brand Sales,NA,"Sep 29, 2017",Commercial
AET,34682,"$600,000",US Health Care,3 - Validated,Marketing,NA,"Sep 30, 2017",Financial Services
VIAB,1156,"$20,000",EUR-Consumer Discretionary,3 - Validated,Business Partner,NA,"Sep 29, 2017",Industrial
COST,8671,"$150,000",EUR-Consumer Staples,3 - Validated,Brand Sales,NA,"Sep 29, 2017",Enterprise
STT,1734,"$30,000",EUR-Financials,3 - Validated,Digital Brand Sales,NA,"Sep 28, 2017",Commercial
NEE,2890,"$50,000",EUR-Utilities,3 - Validated,Marketing,NA,"Aug 16, 2017",Enterprise
AZO,14451,"$250,000",US-Consumer Discretionary,3 - Validated,Technical Support,NA,"Sep 12, 2017",Industrial
HOG,15156,"$100,000",EUR-Consumer Discretionary,4 - Qualified,Technical Support,NA,"Sep 21, 2017",Commercial
GD,5780,"$100,000",CG-Industrials,3 - Validated,Brand Sales,NA,"Sep 29, 2017",Enterprise
MNK,8578,"$56,600",LA-Health Care,4 - Qualified,Marketing,NA,"Aug 30, 2017",Enterprise
CB,11561,"$200,000",US-Financials,3 - Validated,Brand Sales,NA,"Sep 29, 2017",Enterprise
AMGN,17341,"$300,000",US Health Care,3 - Validated,Technical Support,NA,"Sep 20, 2017",Enterprise
HSY,1561,"$27,000",US-Consumer Staples,3 - Validated,Marketing,NA,"Sep 14, 2017",Public
VRSK,24341,"$20,100",US-Industrials,6 - Won,Marketing,Better experts/skills,"Jul 31, 2017",Public
GLW,22734,"$150,000",EUR-Information Technology,4 - Qualified,Marketing,NA,"Sep 21, 2017",Enterprise
MDLZ,2890,"$50,000",US-Consumer Staples,3 - Validated,Marketing,NA,"Sep 15, 2017",Enterprise
WMT,1156,"$20,000",EUR-Consumer Staples,3 - Validated,Marketing,NA,"Sep 30, 2017",Enterprise
ETN,6936,"$120,000",US-Industrials,3 - Validated,Marketing,NA,"Sep 29, 2017",Enterprise
TJX,3789,"$25,000",EUR-Consumer Discretionary,4 - Qualified,Marketing,NA,"Sep 28, 2017",Enterprise
LUK,3584,"$61,996",EUR-Financials,3 - Validated,Marketing,NA,"Sep 30, 2017",Enterprise
WMB,1156,"$20,000",EUR-Energy,3 - Validated,Marketing,NA,"Aug 3, 2017",Commercial
SWK,1734,"$30,000",EUR-Consumer Discretionary,3 - Validated,Marketing,NA,"Sep 29, 2017",Computer Services
STI,4547,"$30,000",EUR-Financials,4 - Qualified,Brand Sales,NA,"Sep 27, 2017",Enterprise
HRB,336584,"$245,000",US-Financials,4 - Qualified,Technical Support,NA,"Sep 29, 2017",Communications
URBN,3387,"$22,350",US-Consumer Discretionary,4 - Qualified,Marketing,NA,"Sep 15, 2017",Public
MAR,8086,"$53,350",NA-Consumer Discretionary,4 - Qualified,Marketing,NA,"Sep 22, 2017",Communications
FCX,5780,"$100,000",US-Materials,3 - Validated,Marketing,NA,"Sep 28, 2017",Enterprise
FAST,5780,"$100,000",US-Industrials,3 - Validated,Marketing,NA,"Aug 31, 2017",Public
CTXS,8960,"$155,000",AS-Information Technology,3 - Validated,Brand Sales,NA,"Sep 30, 2017",Enterprise
GIS,5780,"$100,000",US-Consumer Staples,3 - Validated,Brand Sales,NA,"Aug 9, 2017",Enterprise
CINF,9827,"$170,000",EUR-Financials,3 - Validated,Marketing,NA,"Sep 22, 2017",Enterprise
CFG,23760,"$156,768",US-Financials,4 - Qualified,Marketing,NA,"Sep 30, 2017",Commercial
DTE,7226,"$125,000",US-Utilities,3 - Validated,Marketing,NA,"Aug 31, 2017",Enterprise
WYNN,3031,"$20,000",EUR-Consumer Discretionary,4 - Qualified,Brand Sales,NA,"Sep 14, 2017",Enterprise
EA,6936,"$120,000",EUR-Information Technology,3 - Validated,Marketing,NA,"Sep 22, 2017",Enterprise
R,5305,"$35,000",US-Industrials,4 - Qualified,Marketing,NA,"Sep 29, 2017",Financial Services
DLTR,20309,"$134,000",US-Consumer Discretionary,4 - Qualified,Marketing,NA,"Aug 31, 2017",Distribution
A,28902,"$500,000",US Health Care,3 - Validated,Marketing,NA,"Sep 29, 2017",Financial Services
DPS,11105,"$125,000",US-Consumer Staples,3 - Validated,Technical Support,NA,"Sep 29, 2017",Enterprise
VLO,1255,"$21,710",EUR-Energy,3 - Validated,Digital Brand Sales,NA,"Sep 29, 2017",Commercial
FLIR,5780,"$100,000",US Information Technology,3 - Validated,Technical Support,NA,"Aug 20, 2017",Enterprise
PRU,6669,"$44,000",LA-Financials,4 - Qualified,Brand Sales,NA,"Jul 31, 2017",Enterprise
PSX,2753,"$47,619",JN-Energy,3 - Validated,Brand Sales,NA,"Sep 22, 2017",Enterprise
KSU,4046,"$70,000",US-Industrials,3 - Validated,Marketing,NA,"Aug 22, 2017",Enterprise
OKE,7578,"$50,000",EUR-Energy,4 - Qualified,Brand Sales,NA,"Sep 20, 2017",Enterprise
MU,7578,"$50,000",AS-Information Technology,4 - Qualified,Marketing,NA,"Sep 29, 2017",Enterprise
WFC,1156,"$20,000",EUR-Financials,3 - Validated,Technical Support,NA,"Jul 23, 2017",Enterprise
SYY,1673,"$28,943",US-Consumer Staples,3 - Validated,Marketing,NA,"Sep 25, 2017",Commercial
CME,8959,"$154,990",EUR-Financials,3 - Validated,Brand Sales,NA,"Jul 19, 2017",Enterprise
AMG,28902,"$500,000",US-Financials,3 - Validated,Technical Support,NA,"Sep 30, 2017",Public
NSC,2890,"$50,000",EUR-Industrials,3 - Validated,Marketing,NA,"Sep 22, 2017",Enterprise
ANTM,16515,"$285,714",JN-Health Care,3 - Validated,Brand Sales,NA,"Sep 22, 2017",Distribution
PX,2601,"$45,000",US-Materials,3 - Validated,Brand Sales,NA,"Aug 25, 2017",Enterprise
DLR,8324,"$144,000",US-Real Estate,3 - Validated,Marketing,NA,"Sep 30, 2017",Commercial
WM,3031,"$20,000",EUR-Industrials,4 - Qualified,TeleCoverage,NA,"Aug 25, 2017",Industrial
VZ,1776,"$20,000",US-Telecommunications Services,3 - Validated,Business Partner,NA,"Jul 13, 2017",Enterprise
CNC,11561,"$200,000",US Health Care,3 - Validated,Marketing,NA,"Sep 18, 2017",Enterprise
BBY,14451,"$250,000",US-Consumer Discretionary,3 - Validated,Marketing,NA,"Jul 12, 2017",Enterprise
COP,8534,"$150,000",LA-Energy,4 - Qualified,Marketing,NA,"Sep 30, 2017",Enterprise
AWK,17341,"$300,000",US-Utilities,3 - Validated,Marketing,NA,"Sep 28, 2017",Computer Services
COTY,8671,"$150,000",US-Consumer Staples,3 - Validated,Marketing,NA,"Sep 28, 2017",Financial Services
PRGO,2753,"$47,619",JN-Health Care,3 - Validated,Brand Sales,NA,"Sep 26, 2017",Industrial
FRT,5780,"$100,000",US-Real Estate,3 - Validated,Marketing,NA,"Sep 24, 2017",Commercial
DHR,12813,"$150,000",US Health Care,3 - Validated,Marketing,NA,"Sep 29, 2017",Financial Services
PBCT,7505,"$49,515",LA-Financials,4 - Qualified,Marketing,NA,"Sep 29, 2017",Enterprise
CAG,8671,"$150,000",US-Consumer Staples,3 - Validated,Brand Sales,NA,"Sep 22, 2017",Commercial
APC,25856,"$291,000",US-Energy,3 - Validated,Business Partner,NA,"Sep 29, 2017",Enterprise
MMC,7730,"$51,000",JN-Financials,4 - Qualified,Marketing,NA,"Sep 27, 2017",Enterprise
CRM,5056,"$33,357",US Information Technology,4 - Qualified,Marketing,NA,"Sep 29, 2017",Public
BK,1561,"$27,000",US-Financials,3 - Validated,Marketing,NA,"Sep 29, 2017",Enterprise
BBBY,14451,"$250,000",US-Consumer Discretionary,3 - Validated,Business Partner,NA,"Sep 27, 2017",Computer Services
ISRG,4123,"$75,000",EUR Health Care,4 - Qualified,Brand Sales,NA,"Sep 22, 2017",Enterprise
FISV,5780,"$100,000",US Information Technology,3 - Validated,Marketing,NA,"Sep 29, 2017",Enterprise
FBHS,5780,"$100,000",US-Industrials,3 - Validated,Marketing,NA,"Sep 30, 2017",Commercial
PPG,2634,"$45,564",LA-Materials,3 - Validated,Brand Sales,NA,"Aug 31, 2017",Commercial
M,3276,"$56,666",NA-Consumer Discretionary,3 - Validated,Marketing,NA,"Aug 28, 2017",Enterprise
JEC,4335,"$75,000",US-Industrials,3 - Validated,Marketing,NA,"Sep 28, 2017",Financial Services
FTR,128279,"$100,000",CG-Telecommunications Services,4 - Qualified,Marketing,NA,"Sep 25, 2017",Communications
MKC,2890,"$50,000",US-Consumer Staples,3 - Validated,Business Partner,NA,"Sep 30, 2017",Enterprise
PFG,2601,"$45,000",US-Financials,3 - Validated,Marketing,NA,"Sep 29, 2017",Public
PNW,2727,"$47,184",NA-Utilities,3 - Validated,Marketing,NA,"Sep 30, 2017",Commercial
JBHT,4335,"$75,000",US-Industrials,3 - Validated,Marketing,NA,"Aug 31, 2017",Commercial
QRVO,2312,"$40,000",EUR-Information Technology,3 - Validated,Marketing,NA,"Sep 14, 2017",Enterprise
APD,28902,"$500,000",US-Materials,3 - Validated,Marketing,NA,"Sep 8, 2017",Financial Services
